student_id,age,study_hours_per_week,attendance_rate,prior_gpa_10pt,test_score,admission_date,fee_paid_inr,comments,gender__Female,gender__Male,gender__NONE,gender__Other,gender__Prefer_not_to_say,device_type__Desktop,device_type__Laptop,device_type__Mobile,device_type__NONE,device_type__Tablet,has_internet__NONE,has_internet__No,has_internet__Yes,course_stream__BBA,course_stream__BSC,course_stream__CS,course_stream__ECE,course_stream__EE,course_stream__MBA,course_stream__MCA,course_stream__ME,course_stream__NONE,scholarship__NONE,scholarship__No,scholarship__Partial,scholarship__Yes,city__Bengaluru,city__Chennai,city__Delhi,city__Hyderabad,city__Kolkata,city__Mumbai,city__NONE,city__Pune,city__Remote,parental_education__High School,parental_education__NONE,parental_education__Phd,parental_education__Postgrad,parental_education__Undergrad
S0001,24,11.2,46.2,6.88,58.4,11-08-2023,63952.0,None,1,0,0,0,0,0,0,0,1,0,1,0,0,0,0,0,0,0,0,1,0,0,0,0,1,0,0,0,0,0,0,1,0,0,0,0,0,1,0,0
S0002,21,14.9,64.3,5.87,85.8,29-04-2023,62085.0,Late enrollment,0,0,1,0,0,0,0,1,0,0,0,1,0,1,0,0,0,0,0,0,0,0,0,0,0,1,0,0,0,0,0,1,0,0,0,0,1,0,0,0
S0003,24,13.4,57.7,7.15,89.3,29-08-2023,55598.0,Transferred from another program,1,0,0,0,0,0,0,0,0,1,0,1,0,0,0,0,0,0,0,0,0,1,0,0,0,1,1,0,0,0,0,0,0,0,0,0,1,0,0,0
S0004,28,8.9,64.6,7.27,59.4,02-02-2024,54627.0,Good coder,1,0,0,0,0,0,1,0,0,0,0,1,0,0,0,0,0,0,0,0,1,0,0,0,1,0,0,0,0,0,0,0,0,0,1,0,0,0,0,1
S0005,21,11.0,52.2,7.22,55.5,15-01-2024,60370.5,None,0,1,0,0,0,1,0,0,0,0,1,0,0,0,0,0,0,1,0,0,0,0,0,1,0,0,1,0,0,0,0,0,0,0,0,0,0,1,0,0
S0006,21,9.5,98.4,7.17,75.1,24-08-2024,69382.0,Good coder,0,1,0,0,0,0,0,0,0,1,0,1,0,0,0,0,0,0,0,1,0,0,1,0,0,0,1,0,0,0,0,0,0,0,0,1,0,0,0,0
S0007,22,9.1,80.6,7.44,70.9,25-06-2025,64349.0,Needs scholarship support,1,0,0,0,0,0,1,0,0,0,0,0,1,0,0,0,0,0,0,1,0,0,0,1,0,0,0,0,1,0,0,0,0,0,0,0,0,0,0,1
S0008,25,16.2,85.7,7.03,77.5,01-11-2024,57035.0,Prefers evening classes,0,1,0,0,0,0,0,0,0,1,0,0,1,0,0,0,0,0,0,0,1,0,0,1,0,0,0,0,0,0,0,0,0,1,0,0,1,0,0,0
S0009,20,13.8,92.4,6.51,71.0,05-03-2025,66174.0,Late enrollment,0,1,0,0,0,0,1,0,0,0,0,0,1,0,0,0,0,0,0,0,0,1,0,1,0,0,0,0,0,0,0,0,0,0,1,0,1,0,0,0
S0010,24,8.5,74.9,6.54,45.3,22-09-2024,37212.0,None,0,0,1,0,0,0,0,1,0,0,1,0,0,0,0,0,0,0,0,0,0,1,0,1,0,0,0,0,0,0,1,0,0,0,0,0,0,0,1,0
S0011,20,16.5,50.2,7.16,91.2,19-08-2025,69190.0,Transferred from another program,0,1,0,0,0,0,1,0,0,0,0,1,0,1,0,0,0,0,0,0,0,0,1,0,0,0,0,1,0,0,0,0,0,0,0,1,0,0,0,0
S0012,20,13.5,77.2,6.55,94.9,03-02-2023,46082.0,None,0,0,1,0,0,0,1,0,0,0,1,0,0,0,0,0,0,0,0,1,0,0,0,0,0,1,0,0,0,0,0,1,0,0,0,0,0,1,0,0
S0013,23,16.1,80.2,6.34,58.8,08-11-2023,57100.0,None,0,1,0,0,0,1,0,0,0,0,0,0,1,0,0,0,0,0,0,0,0,1,1,0,0,0,0,0,0,0,1,0,0,0,0,1,0,0,0,0
S0014,16,15.1,89.7,7.33,62.2,31-03-2024,51043.0,Late enrollment,0,0,1,0,0,0,0,0,0,1,0,0,1,0,0,1,0,0,0,0,0,0,0,0,1,0,0,0,0,0,0,1,0,0,0,0,1,0,0,0
S0015,16,7.9,70.9,6.89,72.3,25-05-2025,49643.0,Needs scholarship support,1,0,0,0,0,0,1,0,0,0,0,1,0,1,0,0,0,0,0,0,0,0,0,1,0,0,0,0,1,0,0,0,0,0,0,0,0,1,0,0
S0016,20,9.2,52.7,9.0,73.0,12-04-2023,69287.0,Needs scholarship support,0,1,0,0,0,0,0,0,1,0,0,1,0,1,0,0,0,0,0,0,0,0,1,0,0,0,0,0,0,0,0,1,0,0,0,1,0,0,0,0
S0017,18,15.7,62.0,4.02,77.9,11-07-2024,56258.0,None,0,0,0,0,1,0,1,0,0,0,1,0,0,0,0,0,0,1,0,0,0,0,0,0,1,0,1,0,0,0,0,0,0,0,0,0,1,0,0,0
S0018,23,15.1,66.8,8.51,98.2,03-04-2023,62772.0,Prefers evening classes,1,0,0,0,0,1,0,0,0,0,0,1,0,0,0,0,0,0,0,1,0,0,1,0,0,0,0,0,0,0,0,0,0,0,1,0,0,0,0,1
S0019,19,11.9,83.8,8.7,65.3,10-10-2023,59625.0,Needs scholarship support,0,1,0,0,0,0,0,1,0,0,0,0,1,0,0,0,0,0,0,0,0,1,0,1,0,0,0,1,0,0,0,0,0,0,0,0,0,1,0,0
S0020,17,0.0,79.2,4.71,56.0,05-06-2023,63816.0,None,0,0,0,1,0,0,1,0,0,0,0,0,1,0,0,0,0,0,0,0,0,1,0,1,0,0,0,0,0,1,0,0,0,0,0,0,1,0,0,0
S0021,28,18.4,66.4,6.79,47.3,04-04-2023,60615.0,Prefers evening classes,1,0,0,0,0,0,0,0,1,0,0,1,0,0,0,0,0,0,1,0,0,0,0,0,1,0,0,0,0,0,0,1,0,0,0,0,0,0,0,1
S0022,21,9.0,104.2,6.75,57.0,19-10-2024,49736.0,Late enrollment,0,1,0,0,0,1,0,0,0,0,0,1,0,0,1,0,0,0,0,0,0,0,1,0,0,0,0,0,0,0,1,0,0,0,0,1,0,0,0,0
S0023,22,14.7,81.3,5.51,67.5,21-02-2023,67970.0,Transferred from another program,1,0,0,0,0,0,1,0,0,0,0,0,1,0,1,0,0,0,0,0,0,0,0,1,0,0,1,0,0,0,0,0,0,0,0,0,0,1,0,0
S0024,17,11.0,59.2,6.27,94.9,09-07-2023,56050.0,Late enrollment,0,0,0,1,0,1,0,0,0,0,0,0,1,0,1,0,0,0,0,0,0,0,0,0,1,0,0,0,0,1,0,0,0,0,0,0,0,0,1,0
S0025,20,10.9,51.1,5.87,60.2,16-03-2025,47547.0,None,0,1,0,0,0,0,0,0,0,1,0,1,0,0,0,0,0,1,0,0,0,0,1,0,0,0,0,1,0,0,0,0,0,0,0,0,0,0,1,0
S0026,22,17.5,54.2,9.3,71.4,03-12-2023,56575.0,Transferred from another program,0,1,0,0,0,1,0,0,0,0,1,0,0,0,0,0,0,0,0,0,0,1,1,0,0,0,0,0,0,1,0,0,0,0,0,0,1,0,0,0
S0027,18,0.0,59.8,8.32,67.8,23-08-2024,72006.0,None,1,0,0,0,0,0,1,0,0,0,0,0,1,0,1,0,0,0,0,0,0,0,0,0,1,0,1,0,0,0,0,0,0,0,0,0,1,0,0,0
S0028,23,16.1,54.6,7.15,70.9,04-12-2025,66802.0,Late enrollment,1,0,0,0,0,0,1,0,0,0,0,1,0,0,0,0,0,0,0,0,1,0,1,0,0,0,0,0,0,0,0,0,0,0,1,0,0,1,0,0
S0029,22,18.5,56.2,8.07,70.9,12-03-2023,57211.0,Good coder,0,0,1,0,0,1,0,0,0,0,1,0,0,0,0,0,1,0,0,0,0,0,1,0,0,0,0,0,0,0,0,0,0,0,1,0,1,0,0,0
S0030,21,12.1,62.1,5.85,60.0,18-03-2025,57206.0,Good coder,1,0,0,0,0,0,0,0,0,1,0,1,0,1,0,0,0,0,0,0,0,0,0,1,0,0,0,0,0,0,0,0,0,1,0,1,0,0,0,0
S0031,20,15.4,55.4,6.57,60.7,10-11-2023,57427.0,Late enrollment,0,1,0,0,0,0,0,0,1,0,0,0,1,0,0,0,0,0,0,0,0,1,0,1,0,0,0,0,0,0,0,0,0,0,1,0,0,0,1,0
S0032,29,10.4,98.8,7.79,83.7,14-05-2023,76614.0,Needs scholarship support,0,1,0,0,0,0,1,0,0,0,1,0,0,0,0,0,0,0,0,0,0,1,0,1,0,0,0,0,0,0,0,0,0,1,0,0,1,0,0,0
S0033,22,13.6,49.8,5.73,78.2,28-03-2025,63055.0,Needs scholarship support,1,0,0,0,0,0,0,0,1,0,0,0,1,0,0,0,0,0,1,0,0,0,0,0,1,0,0,0,0,1,0,0,0,0,0,0,1,0,0,0
S0034,18,11.3,76.5,8.06,95.7,23-04-2023,63440.0,Transferred from another program,0,1,0,0,0,0,0,0,0,1,0,0,1,0,0,0,1,0,0,0,0,0,0,0,0,1,0,0,1,0,0,0,0,0,0,0,0,1,0,0
S0035,25,12.5,69.6,6.91,76.8,15-05-2023,68242.0,Transferred from another program,0,0,0,0,1,0,0,1,0,0,0,0,1,0,0,0,0,1,0,0,0,0,1,0,0,0,0,0,0,0,1,0,0,0,0,0,0,0,1,0
S0036,17,15.0,103.9,6.75,62.6,01-02-2024,61910.0,Good coder,0,0,1,0,0,0,1,0,0,0,0,0,1,1,0,0,0,0,0,0,0,0,0,0,1,0,0,0,0,0,1,0,0,0,0,0,1,0,0,0
S0037,23,7.9,51.7,8.05,76.9,25-08-2024,57928.0,Prefers evening classes,1,0,0,0,0,0,0,1,0,0,0,1,0,0,0,0,0,1,0,0,0,0,0,0,0,1,0,0,0,1,0,0,0,0,0,0,1,0,0,0
S0038,16,22.5,68.9,7.73,84.6,17-01-2023,58429.0,Late enrollment,1,0,0,0,0,0,1,0,0,0,0,0,1,0,0,0,0,1,0,0,0,0,0,0,0,1,0,0,0,0,0,1,0,0,0,0,0,1,0,0
S0039,17,7.0,103.2,6.77,80.3,29-09-2023,59427.0,Prefers evening classes,1,0,0,0,0,0,0,0,0,1,0,0,1,0,0,0,0,0,0,0,1,0,0,0,1,0,0,0,0,0,0,1,0,0,0,0,1,0,0,0
S0040,23,5.9,96.9,7.15,75.6,05-10-2023,59702.0,Transferred from another program,0,0,1,0,0,0,1,0,0,0,0,0,1,0,0,1,0,0,0,0,0,0,0,0,0,1,0,0,0,0,0,0,0,0,1,1,0,0,0,0
S0041,25,17.8,94.0,5.9,84.0,22-06-2024,65821.0,Prefers evening classes,1,0,0,0,0,0,0,1,0,0,0,0,1,0,0,1,0,0,0,0,0,0,0,1,0,0,0,0,0,0,1,0,0,0,0,0,1,0,0,0
S0042,23,16.0,60.5,7.94,85.5,02-02-2025,60416.0,None,0,1,0,0,0,0,0,0,0,1,0,1,0,0,0,0,0,1,0,0,0,0,0,0,1,0,0,0,0,0,1,0,0,0,0,1,0,0,0,0
S0043,22,15.1,55.3,7.91,88.7,05-02-2024,65861.0,None,0,1,0,0,0,0,0,0,1,0,0,0,1,0,1,0,0,0,0,0,0,0,1,0,0,0,0,0,0,0,0,0,0,1,0,0,0,0,0,1
S0044,21,15.1,85.1,6.83,77.7,07-03-2025,59354.0,Good coder,1,0,0,0,0,0,0,0,1,0,0,1,0,0,0,0,0,0,0,0,0,1,0,1,0,0,0,0,1,0,0,0,0,0,0,0,1,0,0,0
S0045,16,11.9,100.8,7.59,65.5,09-06-2024,60629.0,Good coder,0,1,0,0,0,0,0,1,0,0,0,1,0,0,0,0,1,0,0,0,0,0,1,0,0,0,1,0,0,0,0,0,0,0,0,0,1,0,0,0
S0046,19,7.5,78.4,5.7,70.2,04-07-2024,44014.0,None,0,1,0,0,0,0,0,1,0,0,0,1,0,0,1,0,0,0,0,0,0,0,0,0,0,1,0,0,0,0,0,1,0,0,0,0,0,0,1,0
S0047,20,12.4,79.3,8.31,86.1,26-08-2025,60370.5,Transferred from another program,1,0,0,0,0,0,1,0,0,0,0,1,0,0,0,0,0,0,0,1,0,0,0,1,0,0,0,0,0,0,1,0,0,0,0,0,0,0,0,1
S0048,26,8.6,61.8,6.98,55.7,14-01-2025,62772.0,Late enrollment,1,0,0,0,0,0,0,0,1,0,0,0,1,0,0,0,0,0,0,0,0,1,1,0,0,0,0,0,0,0,0,0,0,1,0,0,1,0,0,0
S0049,23,16.9,91.2,6.57,73.5,14-04-2024,67984.0,Late enrollment,0,1,0,0,0,0,1,0,0,0,1,0,0,0,0,0,0,1,0,0,0,0,0,0,1,0,0,1,0,0,0,0,0,0,0,1,0,0,0,0
S0050,16,11.3,56.2,8.46,62.1,03-04-2023,36830.0,Needs scholarship support,1,0,0,0,0,0,0,1,0,0,0,1,0,0,0,0,0,0,0,1,0,0,0,0,0,1,0,0,0,0,0,0,0,1,0,0,0,1,0,0
S0051,23,0.0,64.4,6.35,68.4,17-05-2025,76707.0,None,1,0,0,0,0,0,1,0,0,0,0,1,0,0,1,0,0,0,0,0,0,0,1,0,0,0,0,0,0,0,0,1,0,0,0,1,0,0,0,0
S0052,21,10.4,70.5,5.51,87.2,12-03-2024,58883.0,None,1,0,0,0,0,0,0,0,0,1,0,1,0,0,0,0,0,0,0,1,0,0,0,0,0,1,0,0,0,0,0,1,0,0,0,0,1,0,0,0
S0053,19,14.1,75.5,5.33,70.9,17-05-2024,68865.0,None,0,0,0,0,1,0,0,0,1,0,0,1,0,0,0,0,0,1,0,0,0,0,1,0,0,0,0,0,0,0,0,0,0,1,0,0,1,0,0,0
S0054,24,9.2,59.5,7.93,68.7,17-03-2023,51681.0,None,0,1,0,0,0,0,0,0,0,1,0,1,0,0,0,0,0,0,0,0,1,0,0,0,1,0,1,0,0,0,0,0,0,0,0,1,0,0,0,0
S0055,26,7.9,51.9,5.66,47.6,26-11-2023,60370.5,Late enrollment,0,0,0,1,0,0,1,0,0,0,0,1,0,0,0,1,0,0,0,0,0,0,0,1,0,0,0,0,0,1,0,0,0,0,0,0,0,1,0,0
S0056,26,13.2,81.6,9.31,79.2,03-09-2023,51573.0,Transferred from another program,0,1,0,0,0,0,1,0,0,0,0,1,0,0,0,0,1,0,0,0,0,0,1,0,0,0,0,0,0,0,0,1,0,0,0,0,0,0,0,1
S0057,19,13.2,62.3,4.7,77.7,09-10-2023,55010.0,Good coder,0,1,0,0,0,1,0,0,0,0,1,0,0,0,0,0,0,0,0,1,0,0,0,0,0,1,0,0,0,0,0,0,0,1,0,0,1,0,0,0
S0058,21,9.5,79.9,9.24,70.9,26-01-2024,75312.0,Late enrollment,0,1,0,0,0,0,1,0,0,0,0,0,1,0,0,0,0,1,0,0,0,0,0,0,1,0,0,0,0,0,1,0,0,0,0,0,0,0,1,0
S0059,23,9.6,54.3,7.45,63.4,04-09-2024,58475.0,None,1,0,0,0,0,0,0,0,1,0,0,0,1,0,0,0,0,0,0,0,1,0,0,1,0,0,0,0,0,0,0,0,0,1,0,1,0,0,0,0
S0060,26,13.2,73.9,7.08,70.9,12-04-2023,61739.0,None,1,0,0,0,0,0,0,0,1,0,0,0,1,0,0,0,0,0,0,0,0,1,0,0,0,1,0,0,1,0,0,0,0,0,0,1,0,0,0,0
S0061,20,4.8,77.0,6.55,71.7,23-05-2025,66961.0,Good coder,0,0,0,1,0,0,1,0,0,0,0,1,0,0,1,0,0,0,0,0,0,0,0,0,1,0,0,0,0,1,0,0,0,0,0,0,0,0,1,0
S0062,21,5.0,48.1,7.68,91.7,16-03-2024,63965.0,Transferred from another program,0,0,1,0,0,0,1,0,0,0,0,1,0,0,0,1,0,0,0,0,0,0,0,0,0,1,0,1,0,0,0,0,0,0,0,1,0,0,0,0
S0063,18,0.0,65.2,7.15,66.6,28-06-2025,61203.0,Transferred from another program,0,1,0,0,0,0,0,0,0,1,0,1,0,0,0,0,0,0,0,0,0,1,0,0,1,0,1,0,0,0,0,0,0,0,0,0,0,0,1,0
S0064,17,10.9,53.1,8.52,72.2,28-02-2024,62920.0,Transferred from another program,0,0,0,1,0,0,0,0,1,0,0,1,0,0,0,0,0,1,0,0,0,0,0,1,0,0,0,0,0,0,0,0,0,0,1,0,0,0,1,0
S0065,25,13.6,48.8,7.34,77.1,27-04-2025,79227.0,None,0,0,0,0,1,0,1,0,0,0,0,0,1,0,0,0,1,0,0,0,0,0,0,1,0,0,0,1,0,0,0,0,0,0,0,0,0,0,1,0
S0066,27,19.4,104.4,7.38,70.8,13-02-2024,59539.0,None,1,0,0,0,0,1,0,0,0,0,0,1,0,0,1,0,0,0,0,0,0,0,0,0,0,1,0,0,0,1,0,0,0,0,0,0,0,1,0,0
S0067,22,16.3,64.3,6.76,61.3,17-01-2025,61609.0,Late enrollment,1,0,0,0,0,0,0,1,0,0,0,0,1,0,0,0,0,0,0,0,1,0,0,0,1,0,0,0,0,1,0,0,0,0,0,0,0,0,0,1
S0068,26,11.2,93.6,7.13,70.9,17-11-2023,68405.0,Transferred from another program,0,0,1,0,0,0,0,0,1,0,0,0,1,0,1,0,0,0,0,0,0,0,1,0,0,0,0,0,0,0,0,0,1,0,0,0,0,0,0,1
S0069,23,11.9,60.3,7.57,84.1,17-11-2023,68844.0,Needs scholarship support,0,1,0,0,0,0,1,0,0,0,0,1,0,0,0,0,0,0,0,0,0,1,0,1,0,0,0,1,0,0,0,0,0,0,0,0,1,0,0,0
S0070,20,7.0,85.9,5.15,52.6,19-01-2024,69496.0,Transferred from another program,0,1,0,0,0,0,0,1,0,0,0,0,1,0,0,0,0,0,0,0,0,1,1,0,0,0,0,0,0,0,1,0,0,0,0,0,0,1,0,0
S0071,23,11.9,90.6,5.58,70.0,12-04-2024,65110.0,Transferred from another program,0,1,0,0,0,0,0,0,0,1,0,0,1,0,0,0,0,0,0,0,0,1,1,0,0,0,0,0,0,1,0,0,0,0,0,0,1,0,0,0
S0072,28,10.6,80.7,8.09,57.5,10-03-2023,50856.0,Good coder,0,1,0,0,0,1,0,0,0,0,0,0,1,0,0,0,0,0,1,0,0,0,0,0,0,1,0,0,0,0,0,0,0,1,0,0,1,0,0,0
S0073,22,13.6,73.3,7.41,85.9,01-05-2025,73067.0,Prefers evening classes,0,1,0,0,0,0,0,0,1,0,0,1,0,0,1,0,0,0,0,0,0,0,0,0,0,1,0,1,0,0,0,0,0,0,0,0,0,0,0,1
S0074,28,7.9,69.7,6.98,45.2,04-06-2023,50829.0,Good coder,0,1,0,0,0,0,0,1,0,0,0,1,0,0,0,0,0,0,0,0,0,1,0,0,0,1,0,0,0,0,0,0,0,0,1,0,0,0,0,1
S0075,16,14.6,65.9,7.22,59.6,09-04-2023,62421.0,Needs scholarship support,1,0,0,0,0,0,1,0,0,0,0,0,1,0,0,0,0,0,0,0,0,1,0,0,1,0,0,0,0,1,0,0,0,0,0,0,0,0,0,1
S0076,25,19.7,100.8,7.62,73.7,04-11-2025,53966.0,Late enrollment,1,0,0,0,0,0,0,1,0,0,0,0,1,0,0,0,0,0,0,1,0,0,0,1,0,0,0,0,0,0,0,0,0,1,0,1,0,0,0,0
S0077,22,11.5,94.8,6.55,91.5,23-07-2024,59487.0,Needs scholarship support,1,0,0,0,0,0,1,0,0,0,0,0,1,0,0,0,0,0,0,0,0,1,0,1,0,0,0,0,0,0,1,0,0,0,0,0,1,0,0,0
S0078,21,14.0,102.9,6.27,67.0,23-08-2024,62630.0,Prefers evening classes,0,1,0,0,0,0,0,1,0,0,0,1,0,0,1,0,0,0,0,0,0,0,1,0,0,0,0,0,1,0,0,0,0,0,0,0,0,1,0,0
S0079,22,15.5,52.5,7.44,59.7,17-11-2024,62571.0,Needs scholarship support,0,1,0,0,0,0,0,0,0,1,0,1,0,0,0,0,0,0,0,0,1,0,0,0,0,1,0,0,0,0,1,0,0,0,0,0,1,0,0,0
S0080,16,10.0,88.9,6.03,96.2,25-02-2024,60370.5,Transferred from another program,0,1,0,0,0,0,0,1,0,0,0,0,1,0,1,0,0,0,0,0,0,0,0,0,1,0,0,0,0,0,0,0,0,0,1,0,1,0,0,0
S0081,21,13.1,101.3,7.69,46.3,13-06-2025,72910.0,Needs scholarship support,0,0,0,0,1,0,0,0,0,1,0,0,1,0,1,0,0,0,0,0,0,0,0,1,0,0,0,0,0,1,0,0,0,0,0,0,0,0,0,1
S0082,23,12.1,55.9,5.16,35.0,07-06-2025,63628.0,Late enrollment,1,0,0,0,0,0,0,0,0,1,0,0,1,1,0,0,0,0,0,0,0,0,0,0,1,0,0,0,0,0,0,0,0,0,1,0,0,1,0,0
S0083,28,12.5,49.0,8.43,74.6,22-10-2023,58047.0,Transferred from another program,0,0,0,0,1,0,1,0,0,0,0,1,0,0,0,0,0,1,0,0,0,0,0,0,0,1,0,1,0,0,0,0,0,0,0,0,1,0,0,0
S0084,20,8.1,89.5,7.77,60.5,27-12-2023,67713.0,Transferred from another program,0,0,0,1,0,0,1,0,0,0,0,0,1,1,0,0,0,0,0,0,0,0,0,0,0,1,0,0,0,0,0,1,0,0,0,0,0,0,0,1
S0085,19,12.1,79.5,7.51,52.7,14-08-2024,69516.0,Transferred from another program,0,0,1,0,0,1,0,0,0,0,0,1,0,0,0,0,0,0,0,0,0,1,0,1,0,0,0,0,0,1,0,0,0,0,0,0,0,0,0,1
S0086,20,14.5,95.5,8.38,78.6,06-08-2023,50179.0,Good coder,0,0,0,1,0,0,0,0,0,1,0,1,0,0,1,0,0,0,0,0,0,0,1,0,0,0,0,0,0,0,0,1,0,0,0,0,0,1,0,0
S0087,25,19.3,53.4,9.2,71.7,18-08-2023,64779.0,None,0,1,0,0,0,0,0,1,0,0,0,0,1,0,0,0,0,1,0,0,0,0,1,0,0,0,0,0,0,0,0,0,0,1,0,0,1,0,0,0
S0088,23,16.8,92.7,8.42,59.5,25-12-2023,60370.5,None,0,0,1,0,0,0,1,0,0,0,0,0,1,1,0,0,0,0,0,0,0,0,0,0,0,1,0,0,1,0,0,0,0,0,0,0,0,0,1,0
S0089,20,22.8,57.1,4.99,48.8,28-04-2023,57619.0,Late enrollment,0,0,1,0,0,0,0,1,0,0,0,1,0,0,1,0,0,0,0,0,0,0,0,0,0,1,1,0,0,0,0,0,0,0,0,0,0,1,0,0
S0090,24,8.2,54.8,5.66,81.1,08-10-2024,71006.0,None,1,0,0,0,0,0,0,0,0,1,0,0,1,0,0,0,1,0,0,0,0,0,1,0,0,0,0,0,0,0,0,0,0,0,1,0,0,0,1,0
S0091,22,16.4,54.9,6.45,77.8,04-06-2025,58800.0,Needs scholarship support,1,0,0,0,0,0,1,0,0,0,1,0,0,1,0,0,0,0,0,0,0,0,0,0,0,1,0,0,0,0,1,0,0,0,0,0,1,0,0,0
S0092,26,12.9,93.9,7.23,66.5,15-05-2025,61005.0,Prefers evening classes,1,0,0,0,0,0,0,1,0,0,0,1,0,0,0,0,0,1,0,0,0,0,0,1,0,0,0,0,1,0,0,0,0,0,0,1,0,0,0,0
S0093,19,22.9,84.9,7.15,95.7,15-09-2024,60370.5,None,0,1,0,0,0,0,0,0,1,0,0,1,0,1,0,0,0,0,0,0,0,0,0,1,0,0,0,0,0,1,0,0,0,0,0,0,0,1,0,0
S0094,21,8.0,76.4,6.33,51.9,30-01-2023,60125.0,None,0,1,0,0,0,0,1,0,0,0,0,1,0,0,0,0,0,0,1,0,0,0,0,0,1,0,0,0,0,0,0,1,0,0,0,0,0,0,1,0
S0095,21,7.8,66.5,7.42,45.1,07-10-2023,51230.0,None,0,0,1,0,0,0,0,1,0,0,0,1,0,0,0,0,0,0,1,0,0,0,1,0,0,0,0,0,0,0,1,0,0,0,0,0,1,0,0,0
S0096,16,9.0,97.6,6.29,70.9,01-08-2025,48480.0,Needs scholarship support,0,0,1,0,0,0,1,0,0,0,0,1,0,0,0,0,0,0,0,0,0,1,0,0,0,1,0,0,0,0,0,1,0,0,0,0,1,0,0,0
S0097,23,1.4,68.5,6.47,67.3,26-12-2023,72756.0,Needs scholarship support,0,0,0,0,1,0,0,0,0,1,0,1,0,0,0,0,1,0,0,0,0,0,0,0,1,0,0,1,0,0,0,0,0,0,0,0,0,0,0,1
S0098,23,9.4,94.0,5.51,70.9,07-05-2023,53224.0,None,1,0,0,0,0,0,0,0,0,1,0,0,1,0,0,0,0,0,0,0,1,0,0,1,0,0,0,0,0,0,0,1,0,0,0,1,0,0,0,0
S0099,22,8.2,71.3,6.09,64.4,08-02-2024,52069.0,Prefers evening classes,0,1,0,0,0,0,0,0,0,1,0,1,0,0,0,0,0,0,0,0,1,0,1,0,0,0,0,1,0,0,0,0,0,0,0,0,0,1,0,0
S0100,21,12.8,67.6,5.58,73.3,13-03-2023,42773.0,None,1,0,0,0,0,0,1,0,0,0,0,0,1,0,0,0,0,1,0,0,0,0,0,1,0,0,0,0,0,0,0,0,0,1,0,0,0,0,1,0
S0101,17,13.7,72.8,6.03,49.2,28-01-2025,54888.0,Needs scholarship support,0,0,0,1,0,0,0,1,0,0,1,0,0,0,0,0,0,0,0,1,0,0,0,0,0,1,0,0,0,0,1,0,0,0,0,0,1,0,0,0
S0102,20,0.0,63.1,8.46,89.7,04-04-2023,49415.0,None,0,0,0,1,0,0,0,0,1,0,0,0,1,0,0,0,0,0,0,0,1,0,0,0,1,0,0,0,0,0,1,0,0,0,0,0,0,0,1,0
S0103,21,16.8,89.9,6.06,66.8,21-01-2024,73136.0,Late enrollment,1,0,0,0,0,0,1,0,0,0,0,0,1,0,0,0,0,1,0,0,0,0,0,0,0,1,1,0,0,0,0,0,0,0,0,0,1,0,0,0
S0104,19,9.1,75.2,7.15,84.8,09-04-2024,68079.0,None,1,0,0,0,0,0,1,0,0,0,0,0,1,0,0,0,1,0,0,0,0,0,0,0,0,1,0,0,0,1,0,0,0,0,0,0,0,1,0,0
S0105,21,7.5,58.9,7.79,73.1,11-06-2023,54495.0,Transferred from another program,1,0,0,0,0,0,0,0,1,0,0,0,1,0,0,0,0,0,0,1,0,0,1,0,0,0,0,1,0,0,0,0,0,0,0,0,1,0,0,0
S0106,24,14.5,99.0,7.42,74.9,16-11-2023,78019.0,None,1,0,0,0,0,0,0,1,0,0,1,0,0,0,0,0,0,0,0,1,0,0,1,0,0,0,1,0,0,0,0,0,0,0,0,0,0,0,1,0
S0107,29,5.4,68.0,6.17,76.5,06-03-2025,67854.0,None,0,0,0,0,1,0,0,1,0,0,0,1,0,0,0,0,0,0,1,0,0,0,0,0,0,1,0,0,0,0,0,1,0,0,0,0,0,1,0,0
S0108,23,21.2,77.6,8.04,74.7,23-06-2025,57401.0,None,0,0,1,0,0,0,1,0,0,0,0,0,1,0,0,0,0,0,0,0,0,1,1,0,0,0,0,0,0,0,0,1,0,0,0,0,0,0,1,0
S0109,23,17.9,99.4,6.51,77.6,06-09-2023,40005.0,None,1,0,0,0,0,1,0,0,0,0,0,1,0,0,1,0,0,0,0,0,0,0,0,0,1,0,1,0,0,0,0,0,0,0,0,0,0,0,0,1
S0110,22,9.7,82.5,7.35,87.9,11-02-2025,78328.0,Prefers evening classes,0,0,1,0,0,0,0,0,1,0,0,0,1,0,0,0,0,0,0,1,0,0,0,0,1,0,0,0,0,0,1,0,0,0,0,0,0,1,0,0
S0111,16,3.4,52.0,7.15,70.9,21-11-2024,48883.0,Good coder,0,1,0,0,0,0,0,0,0,1,0,1,0,0,0,1,0,0,0,0,0,0,0,0,0,1,0,0,0,0,0,1,0,0,0,0,0,1,0,0
S0112,22,18.8,101.4,7.08,78.6,10-06-2023,46837.0,Transferred from another program,1,0,0,0,0,0,0,0,1,0,0,0,1,0,0,0,0,1,0,0,0,0,0,0,1,0,0,0,0,0,0,0,0,0,1,1,0,0,0,0
S0113,22,11.4,82.7,8.58,66.7,11-08-2024,68181.0,Good coder,0,0,1,0,0,0,0,1,0,0,0,0,1,0,0,0,0,0,0,1,0,0,0,0,0,1,0,0,0,0,0,0,0,1,0,0,0,0,0,1
S0114,31,18.2,65.1,6.36,89.6,05-12-2024,79518.0,Good coder,1,0,0,0,0,0,1,0,0,0,0,1,0,0,0,0,0,0,0,1,0,0,0,0,1,0,0,0,0,0,0,0,0,1,0,0,0,1,0,0
S0115,21,4.0,53.4,7.16,57.9,29-02-2024,71074.0,Good coder,0,1,0,0,0,0,0,1,0,0,0,0,1,0,0,0,0,0,0,0,0,1,0,1,0,0,0,0,0,0,0,0,0,0,1,0,1,0,0,0
S0116,23,9.0,92.6,9.32,95.0,09-08-2023,64511.0,None,1,0,0,0,0,0,1,0,0,0,0,1,0,0,0,1,0,0,0,0,0,0,0,0,0,1,1,0,0,0,0,0,0,0,0,0,0,0,1,0
S0117,22,12.0,82.2,6.45,67.4,20-12-2023,64758.0,Transferred from another program,1,0,0,0,0,1,0,0,0,0,0,0,1,0,0,0,0,0,0,0,0,1,0,0,1,0,0,0,0,0,0,0,0,0,1,0,1,0,0,0
S0118,18,12.2,77.0,7.15,46.5,24-04-2023,66827.0,Good coder,1,0,0,0,0,0,0,0,0,1,0,0,1,0,0,0,0,0,0,1,0,0,0,1,0,0,0,1,0,0,0,0,0,0,0,0,0,0,1,0
S0119,26,9.7,98.6,8.05,69.9,25-11-2024,66071.0,Late enrollment,0,0,0,1,0,0,0,0,1,0,0,0,1,0,1,0,0,0,0,0,0,0,0,0,0,1,0,1,0,0,0,0,0,0,0,0,1,0,0,0
S0120,25,15.1,92.3,6.53,57.8,23-06-2024,62250.0,Good coder,0,0,0,0,1,1,0,0,0,0,0,0,1,0,0,1,0,0,0,0,0,0,0,0,1,0,1,0,0,0,0,0,0,0,0,0,0,0,1,0
S0121,25,6.7,54.1,7.96,70.9,16-02-2023,60834.0,Prefers evening classes,0,1,0,0,0,0,0,0,0,1,0,0,1,0,0,0,0,0,1,0,0,0,0,0,1,0,0,0,0,0,0,0,0,0,1,1,0,0,0,0
S0122,19,11.3,63.7,8.37,58.2,09-02-2024,59499.0,None,1,0,0,0,0,0,0,1,0,0,0,1,0,1,0,0,0,0,0,0,0,0,0,1,0,0,0,1,0,0,0,0,0,0,0,0,1,0,0,0
S0123,27,12.6,59.9,7.95,61.3,01-08-2023,53968.0,Late enrollment,0,0,1,0,0,0,1,0,0,0,0,1,0,0,0,0,0,0,0,1,0,0,1,0,0,0,0,0,0,0,1,0,0,0,0,0,0,1,0,0
S0124,17,14.6,89.6,5.32,39.7,11-05-2023,57755.0,Needs scholarship support,0,0,0,1,0,0,0,1,0,0,0,1,0,0,0,0,0,0,0,1,0,0,1,0,0,0,0,0,0,0,0,0,0,0,1,0,0,0,1,0
S0125,24,15.6,47.0,6.33,61.2,24-02-2025,46456.0,None,0,0,1,0,0,0,1,0,0,0,1,0,0,0,0,0,0,0,0,0,0,1,0,1,0,0,0,0,0,0,1,0,0,0,0,1,0,0,0,0
S0126,30,6.4,79.2,7.15,31.6,21-02-2025,59213.0,Prefers evening classes,1,0,0,0,0,0,1,0,0,0,1,0,0,0,0,0,0,0,0,0,0,1,0,1,0,0,0,1,0,0,0,0,0,0,0,0,1,0,0,0
S0127,18,4.3,90.7,7.11,44.2,24-10-2023,52091.0,Transferred from another program,1,0,0,0,0,0,1,0,0,0,0,1,0,0,0,0,0,0,0,0,0,1,0,0,0,1,0,0,0,0,0,0,0,1,0,0,1,0,0,0
S0128,20,18.4,97.6,7.94,79.4,03-05-2023,51171.0,Late enrollment,0,0,1,0,0,0,0,0,1,0,0,0,1,0,0,0,0,1,0,0,0,0,1,0,0,0,0,1,0,0,0,0,0,0,0,0,1,0,0,0
S0129,22,13.7,65.5,7.41,79.8,24-05-2024,61439.0,None,0,1,0,0,0,1,0,0,0,0,1,0,0,0,1,0,0,0,0,0,0,0,0,0,0,1,0,0,0,0,1,0,0,0,0,1,0,0,0,0
S0130,20,8.3,94.3,5.6,74.4,29-06-2023,71136.0,Needs scholarship support,0,0,0,1,0,0,1,0,0,0,0,0,1,0,0,0,0,1,0,0,0,0,0,0,1,0,0,0,1,0,0,0,0,0,0,0,1,0,0,0
S0131,16,19.8,51.6,7.66,53.5,25-01-2024,67347.0,None,0,1,0,0,0,1,0,0,0,0,0,0,1,1,0,0,0,0,0,0,0,0,0,1,0,0,0,0,0,1,0,0,0,0,0,0,1,0,0,0
S0132,22,12.6,95.8,7.93,67.3,27-05-2024,47436.0,None,0,0,0,1,0,0,0,0,0,1,0,0,1,0,0,0,0,0,0,1,0,0,0,0,0,1,0,0,0,0,0,1,0,0,0,0,0,1,0,0
S0133,18,17.9,52.6,7.87,67.9,15-03-2023,52083.0,Prefers evening classes,0,0,1,0,0,0,0,0,1,0,0,1,0,0,1,0,0,0,0,0,0,0,0,1,0,0,0,0,0,0,0,0,0,0,1,0,0,0,1,0
S0134,24,12.3,68.8,8.5,50.6,01-06-2025,67526.0,Transferred from another program,0,0,1,0,0,0,1,0,0,0,0,1,0,0,0,1,0,0,0,0,0,0,0,0,0,1,0,0,1,0,0,0,0,0,0,0,0,0,0,1
S0135,19,22.3,92.8,8.2,90.6,22-03-2024,52140.0,Good coder,0,1,0,0,0,0,0,0,1,0,0,1,0,0,0,0,0,0,0,0,0,1,0,0,1,0,0,1,0,0,0,0,0,0,0,0,1,0,0,0
S0136,28,20.8,54.0,7.75,81.2,15-04-2024,58203.0,Good coder,0,1,0,0,0,0,0,1,0,0,0,0,1,0,0,0,0,0,1,0,0,0,0,0,1,0,0,0,0,0,0,0,0,1,0,0,0,0,1,0
S0137,19,10.8,58.8,7.12,64.7,01-06-2025,64400.0,Prefers evening classes,0,0,0,0,1,0,1,0,0,0,0,1,0,0,0,0,0,0,0,1,0,0,1,0,0,0,1,0,0,0,0,0,0,0,0,0,0,0,0,1
S0138,21,16.9,88.3,5.21,68.4,08-12-2024,52253.0,Transferred from another program,0,1,0,0,0,1,0,0,0,0,0,0,1,0,0,0,0,0,0,0,1,0,1,0,0,0,0,1,0,0,0,0,0,0,0,0,1,0,0,0
S0139,25,15.2,88.2,7.72,71.1,08-10-2024,60843.0,None,1,0,0,0,0,0,1,0,0,0,0,0,1,0,1,0,0,0,0,0,0,0,0,0,1,0,0,0,0,0,0,0,0,1,0,0,0,0,0,1
S0140,17,18.8,83.5,7.45,37.4,27-12-2024,49328.0,None,0,1,0,0,0,0,0,1,0,0,1,0,0,0,0,0,0,0,0,0,1,0,0,0,0,1,0,0,0,1,0,0,0,0,0,0,1,0,0,0
S0141,23,7.2,86.6,7.53,64.3,24-10-2023,55189.0,None,1,0,0,0,0,0,1,0,0,0,0,1,0,0,0,0,0,0,0,0,0,1,0,1,0,0,0,1,0,0,0,0,0,0,0,0,0,0,1,0
S0142,27,15.4,77.6,5.67,57.8,19-02-2024,62558.0,Needs scholarship support,0,1,0,0,0,0,1,0,0,0,0,0,1,0,0,0,0,0,0,0,0,1,0,0,1,0,0,0,0,0,1,0,0,0,0,0,1,0,0,0
S0143,16,17.3,60.1,5.9,53.0,29-11-2023,47256.0,None,0,1,0,0,0,1,0,0,0,0,1,0,0,0,0,1,0,0,0,0,0,0,0,0,1,0,1,0,0,0,0,0,0,0,0,0,1,0,0,0
S0144,23,3.2,65.7,8.46,63.8,31-03-2025,63524.0,None,0,1,0,0,0,0,0,1,0,0,0,0,1,0,0,0,0,0,0,1,0,0,0,0,0,1,0,0,0,0,0,0,0,1,0,0,1,0,0,0
S0145,23,6.1,55.9,7.15,95.0,01-05-2025,59843.0,Late enrollment,1,0,0,0,0,0,1,0,0,0,0,1,0,0,0,0,0,0,0,0,0,1,0,0,1,0,0,0,0,0,0,0,0,1,0,0,1,0,0,0
S0146,25,1.8,99.5,8.02,77.6,04-01-2023,64420.0,None,1,0,0,0,0,0,0,0,0,1,0,1,0,0,0,0,0,0,0,0,0,1,0,0,1,0,0,0,0,0,0,0,0,1,0,0,0,0,0,1
S0147,17,10.7,80.0,7.23,59.4,14-05-2025,61791.0,None,0,0,0,0,1,0,0,0,1,0,1,0,0,0,0,1,0,0,0,0,0,0,0,0,0,1,0,0,0,1,0,0,0,0,0,0,1,0,0,0
S0148,17,15.6,69.1,7.24,76.6,09-07-2023,70913.0,Prefers evening classes,1,0,0,0,0,0,1,0,0,0,0,0,1,0,0,0,1,0,0,0,0,0,0,0,1,0,0,1,0,0,0,0,0,0,0,1,0,0,0,0
S0149,24,19.5,72.7,8.33,89.0,26-08-2024,61002.0,Prefers evening classes,0,0,1,0,0,0,0,0,0,1,0,1,0,0,0,0,0,0,0,1,0,0,1,0,0,0,0,0,0,1,0,0,0,0,0,0,1,0,0,0
S0150,23,12.4,101.8,6.58,70.9,20-06-2024,56565.0,Good coder,0,0,0,1,0,0,0,1,0,0,0,1,0,0,0,0,0,0,0,0,1,0,1,0,0,0,0,0,0,0,0,0,0,0,1,0,1,0,0,0
S0151,23,20.1,54.2,7.32,68.9,10-02-2024,60978.0,None,0,0,0,1,0,0,0,1,0,0,0,0,1,0,1,0,0,0,0,0,0,0,1,0,0,0,0,0,0,0,0,1,0,0,0,1,0,0,0,0
S0152,23,60.0,80.2,6.65,58.3,02-02-2025,64346.0,None,0,0,0,0,1,0,0,1,0,0,0,1,0,0,0,0,0,0,0,0,1,0,1,0,0,0,0,0,0,0,0,1,0,0,0,0,0,0,1,0
S0153,19,3.5,75.4,6.68,78.5,15-08-2023,60391.0,Needs scholarship support,0,0,1,0,0,1,0,0,0,0,0,1,0,0,0,1,0,0,0,0,0,0,0,0,1,0,0,0,0,0,0,0,0,0,1,0,0,1,0,0
S0154,23,11.7,81.7,6.83,73.9,03-08-2025,60325.0,None,0,0,0,1,0,0,0,1,0,0,1,0,0,1,0,0,0,0,0,0,0,0,0,1,0,0,0,1,0,0,0,0,0,0,0,1,0,0,0,0
S0155,23,13.9,46.1,7.47,81.4,20-03-2023,54384.0,None,1,0,0,0,0,0,0,0,1,0,0,0,1,0,0,0,0,0,0,1,0,0,1,0,0,0,0,0,0,0,1,0,0,0,0,0,1,0,0,0
S0156,19,11.8,97.3,6.63,77.5,27-06-2024,54697.0,Needs scholarship support,0,0,1,0,0,1,0,0,0,0,0,0,1,0,0,0,0,0,1,0,0,0,1,0,0,0,0,0,0,1,0,0,0,0,0,0,0,0,1,0
S0157,29,1.7,100.9,8.71,83.7,16-07-2025,48779.0,None,1,0,0,0,0,0,0,1,0,0,0,0,1,0,0,0,0,1,0,0,0,0,0,0,1,0,1,0,0,0,0,0,0,0,0,0,1,0,0,0
S0158,24,11.6,78.9,6.13,60.0,26-12-2023,73997.0,Late enrollment,0,1,0,0,0,1,0,0,0,0,0,1,0,0,1,0,0,0,0,0,0,0,0,0,1,0,0,0,0,0,0,0,0,1,0,0,0,0,0,1
S0159,17,5.5,86.8,6.98,70.9,30-08-2023,50049.0,None,0,0,1,0,0,0,0,0,1,0,0,0,1,0,0,0,0,0,0,0,0,1,0,0,0,1,0,0,0,0,0,0,0,1,0,1,0,0,0,0
S0160,24,15.3,100.3,6.67,71.0,30-05-2023,54457.0,Transferred from another program,0,1,0,0,0,0,0,0,1,0,0,0,1,0,0,0,0,0,1,0,0,0,1,0,0,0,0,1,0,0,0,0,0,0,0,0,0,0,1,0
S0161,18,0.0,87.4,8.94,99.1,22-07-2023,54253.0,Needs scholarship support,1,0,0,0,0,0,1,0,0,0,1,0,0,0,0,0,0,0,0,1,0,0,0,0,0,1,0,0,0,0,1,0,0,0,0,0,0,0,1,0
S0162,25,7.3,54.2,7.44,57.7,09-08-2024,67159.0,Good coder,1,0,0,0,0,1,0,0,0,0,0,1,0,0,0,0,0,0,0,0,0,1,1,0,0,0,0,0,0,0,0,1,0,0,0,0,1,0,0,0
S0163,26,9.4,79.6,7.15,94.0,17-02-2025,57640.0,None,0,1,0,0,0,0,1,0,0,0,0,0,1,0,0,0,0,0,0,1,0,0,0,1,0,0,0,0,0,0,0,1,0,0,0,0,0,1,0,0
S0164,22,6.7,81.4,5.42,70.9,07-01-2023,69982.0,Good coder,0,0,0,0,1,0,0,0,0,1,0,0,1,1,0,0,0,0,0,0,0,0,0,0,1,0,0,0,0,0,0,0,0,1,0,0,0,0,0,1
S0165,26,11.7,70.4,7.52,58.2,20-04-2024,54612.0,None,0,0,1,0,0,0,0,1,0,0,1,0,0,0,0,0,1,0,0,0,0,0,0,0,1,0,0,1,0,0,0,0,0,0,0,0,0,0,0,1
S0166,24,16.8,89.2,8.27,60.7,28-11-2024,62232.0,None,0,0,0,0,1,0,0,0,0,1,0,0,1,0,1,0,0,0,0,0,0,0,0,0,0,1,0,0,0,1,0,0,0,0,0,0,0,0,0,1
S0167,25,7.1,101.1,7.3,63.2,03-06-2025,53317.0,None,1,0,0,0,0,0,0,0,1,0,0,1,0,0,0,1,0,0,0,0,0,0,0,0,0,1,0,0,0,0,0,1,0,0,0,0,1,0,0,0
S0168,29,14.5,100.5,8.48,74.4,06-04-2023,77161.0,Prefers evening classes,0,1,0,0,0,0,0,0,0,1,1,0,0,0,0,0,0,0,0,0,0,1,0,0,1,0,0,0,0,0,0,0,1,0,0,0,0,0,1,0
S0169,21,9.3,72.1,6.58,75.8,03-11-2023,50499.0,Good coder,0,1,0,0,0,0,1,0,0,0,0,0,1,0,0,1,0,0,0,0,0,0,0,0,1,0,0,0,0,0,1,0,0,0,0,0,1,0,0,0
S0170,19,8.0,51.8,8.89,59.4,28-03-2024,62479.0,Needs scholarship support,1,0,0,0,0,0,0,0,0,1,0,1,0,0,0,0,0,0,1,0,0,0,0,0,1,0,0,0,0,0,0,1,0,0,0,0,1,0,0,0
S0171,19,11.5,104.1,9.96,67.6,26-03-2025,65070.0,Late enrollment,0,1,0,0,0,0,1,0,0,0,0,1,0,0,0,0,0,1,0,0,0,0,1,0,0,0,0,0,0,0,0,1,0,0,0,0,0,0,1,0
S0172,19,6.8,95.3,6.76,70.9,28-08-2024,63310.0,None,0,1,0,0,0,0,0,0,0,1,0,1,0,0,0,0,1,0,0,0,0,0,1,0,0,0,0,0,1,0,0,0,0,0,0,0,0,0,0,1
S0173,22,9.2,52.5,6.67,70.9,27-12-2023,58518.0,None,0,0,1,0,0,0,0,0,1,0,0,0,1,0,0,1,0,0,0,0,0,0,0,1,0,0,0,0,0,0,0,1,0,0,0,0,0,0,1,0
S0174,23,6.0,100.3,8.94,74.5,14-11-2023,58961.0,Needs scholarship support,0,1,0,0,0,0,0,0,1,0,1,0,0,0,0,1,0,0,0,0,0,0,1,0,0,0,0,0,0,0,0,0,0,0,1,0,0,1,0,0
S0175,23,21.8,97.2,9.1,68.6,07-04-2024,60350.0,Late enrollment,0,1,0,0,0,0,1,0,0,0,0,0,1,0,0,0,0,1,0,0,0,0,0,0,1,0,1,0,0,0,0,0,0,0,0,0,0,0,1,0
S0176,25,12.2,76.1,6.57,69.8,28-02-2023,58824.0,Transferred from another program,0,1,0,0,0,0,0,1,0,0,0,1,0,0,0,0,0,1,0,0,0,0,1,0,0,0,0,0,0,0,0,0,0,0,1,0,1,0,0,0
S0177,22,0.0,80.5,6.7,77.2,01-05-2025,67711.0,Late enrollment,1,0,0,0,0,1,0,0,0,0,0,0,1,0,0,1,0,0,0,0,0,0,0,0,0,1,0,1,0,0,0,0,0,0,0,0,0,0,1,0
S0178,28,13.1,68.9,6.86,52.7,20-03-2023,77684.0,None,0,1,0,0,0,0,0,1,0,0,0,0,1,0,0,0,0,0,0,0,0,1,0,0,1,0,0,1,0,0,0,0,0,0,0,1,0,0,0,0
S0179,21,60.0,48.3,5.59,64.1,21-09-2024,55540.0,Good coder,0,1,0,0,0,0,0,0,1,0,0,0,1,0,0,0,0,0,0,0,1,0,1,0,0,0,0,0,0,1,0,0,0,0,0,0,0,1,0,0
S0180,32,10.9,65.1,6.1,43.0,18-04-2024,49042.0,Good coder,1,0,0,0,0,0,0,1,0,0,1,0,0,0,0,0,0,1,0,0,0,0,0,0,1,0,0,0,0,0,0,0,0,0,1,1,0,0,0,0
S0181,24,15.1,93.2,6.0,74.0,04-05-2024,59294.0,Good coder,0,1,0,0,0,0,0,0,0,1,0,0,1,0,0,0,0,0,0,0,1,0,0,0,0,1,0,0,0,0,0,0,0,0,1,0,0,0,0,1
S0182,19,15.8,45.3,7.15,77.7,26-11-2023,80638.0,Transferred from another program,0,1,0,0,0,0,0,0,0,1,0,1,0,0,1,0,0,0,0,0,0,0,0,0,0,1,0,0,0,0,0,0,0,0,1,0,0,0,0,1
S0183,18,9.3,65.0,7.16,60.8,28-05-2024,53571.0,Prefers evening classes,1,0,0,0,0,0,0,0,1,0,0,0,1,0,0,0,1,0,0,0,0,0,1,0,0,0,0,0,0,0,1,0,0,0,0,0,1,0,0,0
S0184,24,0.0,68.9,7.48,91.6,03-05-2023,73113.0,None,0,0,1,0,0,0,0,0,1,0,1,0,0,0,0,0,0,0,0,0,0,1,0,0,1,0,0,0,0,0,0,1,0,0,0,0,1,0,0,0
S0185,21,10.6,77.2,9.06,49.6,16-04-2023,73422.0,None,0,1,0,0,0,0,0,1,0,0,0,1,0,0,0,0,0,0,0,0,0,1,0,1,0,0,1,0,0,0,0,0,0,0,0,0,1,0,0,0
S0186,25,0.5,100.2,6.0,46.0,01-01-2025,55571.0,None,1,0,0,0,0,0,0,1,0,0,0,1,0,0,1,0,0,0,0,0,0,0,0,0,0,1,0,0,0,1,0,0,0,0,0,0,0,1,0,0
S0187,24,4.4,65.8,8.38,71.4,31-05-2024,64552.0,None,0,0,0,0,1,0,0,0,0,1,0,1,0,1,0,0,0,0,0,0,0,0,0,1,0,0,0,0,0,0,0,0,0,0,1,0,1,0,0,0
S0188,22,18.8,65.8,6.94,83.7,02-10-2023,73027.0,Transferred from another program,0,1,0,0,0,1,0,0,0,0,0,0,1,0,0,0,0,0,1,0,0,0,1,0,0,0,0,0,0,0,0,0,0,0,1,0,0,0,1,0
S0189,19,20.2,89.3,7.14,93.3,25-12-2024,56967.0,Good coder,0,0,1,0,0,0,1,0,0,0,0,1,0,0,0,0,0,0,0,0,1,0,0,0,0,1,0,0,1,0,0,0,0,0,0,1,0,0,0,0
S0190,22,10.8,72.1,8.01,61.1,25-03-2024,58371.0,None,0,0,0,1,0,1,0,0,0,0,0,0,1,0,0,0,0,0,0,0,0,1,0,1,0,0,0,0,0,1,0,0,0,0,0,0,0,1,0,0
S0191,20,14.9,58.5,5.85,84.2,08-01-2024,55347.0,None,0,0,0,0,1,0,0,0,1,0,0,1,0,0,0,0,0,0,0,0,0,1,0,0,0,1,0,0,0,0,0,0,0,0,1,1,0,0,0,0
S0192,25,13.6,72.1,7.66,67.4,28-07-2025,51882.0,Transferred from another program,0,1,0,0,0,0,0,1,0,0,0,1,0,0,0,0,1,0,0,0,0,0,0,1,0,0,0,0,0,1,0,0,0,0,0,0,0,0,1,0
S0193,23,27.4,53.5,7.4,65.4,02-01-2024,54806.0,Transferred from another program,0,0,0,0,1,1,0,0,0,0,0,1,0,0,0,0,0,0,0,0,1,0,0,0,1,0,0,0,0,0,0,1,0,0,0,0,1,0,0,0
S0194,17,17.6,55.6,7.79,81.3,04-03-2025,50208.0,Good coder,1,0,0,0,0,0,0,1,0,0,0,0,1,1,0,0,0,0,0,0,0,0,0,0,1,0,0,0,1,0,0,0,0,0,0,1,0,0,0,0
S0195,23,11.4,74.9,7.55,77.8,26-11-2024,60273.0,Good coder,0,1,0,0,0,0,1,0,0,0,0,0,1,0,0,0,1,0,0,0,0,0,1,0,0,0,0,0,0,1,0,0,0,0,0,0,0,1,0,0
S0196,23,7.2,70.1,7.15,44.4,19-03-2025,53840.0,Transferred from another program,1,0,0,0,0,0,0,0,0,1,0,1,0,0,0,0,0,0,0,0,0,1,0,0,0,1,1,0,0,0,0,0,0,0,0,0,0,0,1,0
S0197,19,4.0,99.9,6.43,90.1,09-03-2023,61870.0,None,1,0,0,0,0,0,1,0,0,0,0,0,1,0,0,1,0,0,0,0,0,0,0,1,0,0,1,0,0,0,0,0,0,0,0,0,1,0,0,0
S0198,23,13.0,66.7,6.56,88.7,04-07-2023,47553.0,Needs scholarship support,1,0,0,0,0,0,0,1,0,0,0,1,0,1,0,0,0,0,0,0,0,0,1,0,0,0,0,1,0,0,0,0,0,0,0,0,1,0,0,0
S0199,22,8.2,79.8,6.45,58.6,18-10-2023,62647.0,Good coder,0,1,0,0,0,0,1,0,0,0,0,1,0,0,0,0,0,0,0,0,0,1,0,0,1,0,0,0,0,0,0,0,1,0,0,0,1,0,0,0
S0200,18,4.9,82.9,6.53,73.9,01-11-2025,66668.0,None,1,0,0,0,0,0,0,1,0,0,0,1,0,0,0,0,0,0,0,1,0,0,0,0,1,0,0,0,1,0,0,0,0,0,0,0,0,0,1,0
